value,confidence,itype,source,date_modified,status,tags
"advancedaesthetics.ch
",,,,,No Results
chase7-covid.com,91,mal_domain,firstenergycorp.com,2020-03-26T13:50:02.976Z,active,"[{'id': 'fjv', 'name': 'AFG_FW'}, {'id': 'wd8', 'name': 'AFG_SIEM'}, {'id': 'rzd', 'name': 'COA:Block'}, {'id': '1cs', 'name': 'corona'}, {'id': 'w5h', 'name': 'corona-wba'}, {'id': 'v9z', 'name': 'coronavirus'}, {'id': 's0a', 'name': 'Coronavirus'}, {'id': '3qm', 'name': 'coronoavirus'}, {'id': 'b0n', 'name': 'covid19'}, {'id': 'y5a', 'name': 'Covid19'}, {'id': 'bxr', 'name': 'covid 19'}, {'id': '49n', 'name': 'covid-19'}, {'id': '956', 'name': 'COVID-19'}, {'id': '1r3', 'name': 'Facing down the myriad threats tied to COVID-19'}, {'id': '25p', 'name': 'malware'}, {'id': 'erq', 'name': 'NAB_covid19'}, {'id': 'mrx', 'name': 'patch tuesday'}, {'id': 'ij8', 'name': 'phishing'}, {'id': 'c8n', 'name': 'ransomware'}, {'id': 'tpa', 'name': 'scams'}, {'id': 'wyy', 'name': 'Sophos Labs'}, {'id': 'k8f', 'name': 'sophoslabs'}, {'id': 'mvy', 'name': 'sophoslabs uncut'}, {'id': 'byc', 'name': 'spam'}]"
chase7-covid.com,91,phish_domain,Analyst,2020-03-26T06:24:25.229Z,active,"[{'id': '33a', 'name': 'corona-wba'}, {'id': '1df', 'name': 'Coronavirus'}, {'id': 'sv5', 'name': 'coronavirus'}, {'id': '5a6', 'name': 'COVID-19'}, {'id': 'elw', 'name': 'Creation-Date:-2020-03-15'}, {'id': 'nn9', 'name': 'Domain-Risk-Score:-92'}, {'id': 'prn', 'name': 'Domainsquatting'}, {'id': 'k4z', 'name': 'Reference:-https://www.domaintools.com/resources/blog/free-covid-19-threat-list-domain-risk-assessments-for-coronavirus-threats#download'}, {'id': 'is7', 'name': 'Source:-DomainTools'}, {'id': 'oro', 'name': 'T1328-Buy-domain-name'}, {'id': 'ck9', 'name': 'Typosquatting'}]"
corona-map-data.com,96,mal_domain,firstenergycorp.com,2020-03-26T13:49:03.433Z,active,"[{'id': 'dkq', 'name': 'AFG_FW'}, {'id': '1sj', 'name': 'AFG_SIEM'}, {'id': 'srz', 'name': 'COA:Block'}, {'id': '7in', 'name': 'corona'}, {'id': 'ra2', 'name': 'corona-wba'}, {'id': 'd70', 'name': 'coronavirus'}, {'id': 'z3g', 'name': 'Coronavirus'}, {'id': 'hg7', 'name': 'coronoavirus'}, {'id': 'qm2', 'name': 'covid19'}, {'id': '3ml', 'name': 'Covid19'}, {'id': '8yw', 'name': 'covid 19'}, {'id': '9p5', 'name': 'covid-19'}, {'id': '9k5', 'name': 'COVID-19'}, {'id': 'n3g', 'name': 'Facing down the myriad threats tied to COVID-19'}, {'id': 'bfu', 'name': 'malware'}, {'id': 'tkh', 'name': 'NAB_covid19'}, {'id': '6zy', 'name': 'patch tuesday'}, {'id': '8cl', 'name': 'phishing'}, {'id': 'skq', 'name': 'ransomware'}, {'id': 'nzz', 'name': 'scams'}, {'id': 'rsy', 'name': 'Sophos Labs'}, {'id': 'igf', 'name': 'sophoslabs'}, {'id': 'q0x', 'name': 'sophoslabs uncut'}, {'id': '5rw', 'name': 'spam'}]"
corona-map-data.com,96,phish_domain,Analyst,2020-03-26T06:09:17.717Z,active,"[{'id': 'yz4', 'name': 'corona-wba'}, {'id': 'hkq', 'name': 'Coronavirus'}, {'id': 'rgf', 'name': 'coronavirus'}, {'id': '4ox', 'name': 'COVID-19'}, {'id': 'odr', 'name': 'Creation-Date:-2020-03-14'}, {'id': '3g3', 'name': 'Domain-Risk-Score:-97'}, {'id': 'bi1', 'name': 'Domainsquatting'}, {'id': '6vy', 'name': 'Reference:-https://www.domaintools.com/resources/blog/free-covid-19-threat-list-domain-risk-assessments-for-coronavirus-threats#download'}, {'id': 'vpu', 'name': 'Source:-DomainTools'}, {'id': '1gf', 'name': 'T1328-Buy-domain-name'}, {'id': 'jkx', 'name': 'Typosquatting'}]"
corona-virus-map.com,83,phish_domain,Analyst,2020-03-26T06:09:05.986Z,active,"[{'id': 'fke', 'name': 'corona-wba'}, {'id': 'x0r', 'name': 'Coronavirus'}, {'id': 'jom', 'name': 'coronavirus'}, {'id': 'jzt', 'name': 'COVID-19'}, {'id': 'zzs', 'name': 'Creation-Date:-2020-02-01'}, {'id': 'udz', 'name': 'Domain-Risk-Score:-98'}, {'id': '940', 'name': 'Domainsquatting'}, {'id': 'bwa', 'name': 'Reference:-https://www.domaintools.com/resources/blog/free-covid-19-threat-list-domain-risk-assessments-for-coronavirus-threats#download'}, {'id': 'ger', 'name': 'Source:-DomainTools'}, {'id': 'xng', 'name': 'T1328-Buy-domain-name'}, {'id': 'wml', 'name': 'Typosquatting'}]"
corona-virus-map.com,82,mal_domain,firstenergycorp.com,2020-03-18T13:08:50.224Z,active,"[{'id': '6ns', 'name': '2-spyware.com'}, {'id': 'ldb', 'name': 'Corona-virus-map.com.exe'}, {'id': 'l8q', 'name': 'files'}, {'id': 'aey', 'name': 'https://www.2-spyware.com/file-corona-virus-map-com-exe.html'}, {'id': 'fdb', 'name': 'spyware related'}]"
corona-virus-map.net,95,mal_domain,FS-ISAC - Santander,2020-03-27T19:25:03.017Z,active,
corona-virus-map.net,95,phish_domain,Analyst,2020-03-27T17:46:12.295Z,active,"[{'id': '1cw', 'name': 'AFG_FW'}, {'id': '0b5', 'name': 'AFG_SIEM'}, {'id': 'fcq', 'name': 'COA:Block'}, {'id': 'pba', 'name': 'corona'}, {'id': 'p5r', 'name': 'corona-wba'}, {'id': 'y1u', 'name': 'Coronavirus'}, {'id': '46v', 'name': 'coronavirus'}, {'id': 'bai', 'name': 'coronoavirus'}, {'id': 'pzs', 'name': 'covid19'}, {'id': 'r0y', 'name': 'Covid19'}, {'id': 'lmw', 'name': 'COVID-19'}, {'id': 'swt', 'name': 'covid-19'}, {'id': 'h2n', 'name': 'Creation-Date:-2020-03-13'}, {'id': '3yj', 'name': 'Domain-Risk-Score:-99'}, {'id': 'ycx', 'name': 'Domainsquatting'}, {'id': 'afq', 'name': 'Reference:-https://www.domaintools.com/resources/blog/free-covid-19-threat-list-domain-risk-assessments-for-coronavirus-threats#download'}, {'id': 'j2n', 'name': 'Source:-DomainTools'}, {'id': '5xk', 'name': 'T1328-Buy-domain-name'}, {'id': '9rh', 'name': 'Typosquatting'}]"
corona-virus-map.net,95,phish_domain,CISCP STIX/TAXII,2020-03-27T07:44:34.692Z,active,"[{'id': 'n2u', 'name': 'CISA-Indicator-4285d262-3bb9-432f-807a-7ce5a3beb6c3'}, {'id': 't7p', 'name': 'IB-20-10081-Coronavirus-Themed-Phishing-Emails-Delivered-Java-Agent-Trojan-Downloader'}, {'id': 'ja7', 'name': 'Malicious-FQDN-Indicator'}, {'id': 'j6h', 'name': 'Type-FQDN'}]"
corona-virus-map.net,95,mal_domain,firstenergycorp.com,2020-03-26T13:48:11.656Z,active,"[{'id': 'ezz', 'name': '@malwrhunterteam'}, {'id': 'h5q', 'name': 'AFG_FW'}, {'id': '4y7', 'name': 'AFG_SIEM'}, {'id': '6vp', 'name': 'COA:Block'}, {'id': 'q5t', 'name': 'corona'}, {'id': '7v7', 'name': 'corona-wba'}, {'id': '7bp', 'name': 'coronavirus'}, {'id': '05o', 'name': 'Coronavirus'}, {'id': 'rqr', 'name': 'coronavirus-themed'}, {'id': '8rv', 'name': 'coronoavirus'}, {'id': 'dlx', 'name': 'covid19'}, {'id': '9ef', 'name': 'Covid19'}, {'id': 'fei', 'name': 'covid 19'}, {'id': 'exp', 'name': 'covid-19'}, {'id': 'nzk', 'name': 'COVID-19'}, {'id': 'zgc', 'name': 'Facing down the myriad threats tied to COVID-19'}, {'id': '3x7', 'name': 'https://twitter.com/malwrhunterteam/status/1239628249136758786?s=12'}, {'id': '6cd', 'name': 'malware'}, {'id': '6p2', 'name': 'MalwareHunterTeam on Twitter: https://corona-virus-map.net/data/mapdata.jar -&gt; erh45hmj.js: 66b7a497ff759634f91c4a6ae7c0b6fd90cd0c61076e4abc8d2f9166f343805a Related: https://corona-virus-map.net/map.jar - maybe the decoy? That graph... ðŸ˜‚ cc @James_inthe_box @JAMESWT_MHTâ€¦ https://t.co/y7YGhQdPcn'}, {'id': 'r6k', 'name': 'NAB_covid19'}, {'id': 'yw0', 'name': 'patch tuesday'}, {'id': 'c89', 'name': 'phishing'}, {'id': '4pw', 'name': 'potential tragedy-themed malicious content'}, {'id': 'fcs', 'name': 'ransomware'}, {'id': 'nao', 'name': 'scams'}, {'id': 'n3r', 'name': 'Sophos Labs'}, {'id': 'ioo', 'name': 'sophoslabs'}, {'id': 'cd2', 'name': 'sophoslabs uncut'}, {'id': 'cl1', 'name': 'spam'}]"
corona-virus-map.net,90,mal_domain,CrowdStrike Intelligence E-Crime,2020-03-20T20:42:36.588Z,active,"[{'id': 'vx2', 'name': 'kill-chain:delivery'}, {'id': '600', 'name': 'malware-family:danabot'}, {'id': 'u9e', 'name': 'report:csa-200382'}, {'id': 'rdn', 'name': 'source-confidence:high'}, {'id': 'lrb', 'name': 'threat-type:banking'}, {'id': '52b', 'name': 'threat-type:criminal'}, {'id': 'cwy', 'name': 'threat-type:downloader'}]"
coronavirusmedicalkit.com,86,phish_domain,Analyst,2020-03-27T17:39:30.609Z,active,"[{'id': 'a6j', 'name': 'AFG_FW'}, {'id': 'aak', 'name': 'AFG_SIEM'}, {'id': 'hzw', 'name': 'COA:Block'}, {'id': 'xfi', 'name': 'corona'}, {'id': 'gwx', 'name': 'corona-wba'}, {'id': '73i', 'name': 'Coronavirus'}, {'id': 'bqx', 'name': 'coronavirus'}, {'id': 'z76', 'name': 'coronoavirus'}, {'id': '3rs', 'name': 'covid19'}, {'id': 's1o', 'name': 'Covid19'}, {'id': 'q0a', 'name': 'COVID-19'}, {'id': 'uby', 'name': 'covid-19'}, {'id': 'jnd', 'name': 'Creation-Date:-2020-03-05'}, {'id': '8q8', 'name': 'Domain-Risk-Score:-99'}, {'id': '693', 'name': 'Domainsquatting'}, {'id': 'pwb', 'name': 'Reference:-https://www.domaintools.com/resources/blog/free-covid-19-threat-list-domain-risk-assessments-for-coronavirus-threats#download'}, {'id': '6r2', 'name': 'Source:-DomainTools'}, {'id': 'use', 'name': 'T1328-Buy-domain-name'}, {'id': '2gt', 'name': 'Typosquatting'}]"
coronavirusmedicalkit.com,86,mal_domain,firstenergycorp.com,2020-03-26T13:48:36.461Z,active,"[{'id': '91n', 'name': 'AFG_FW'}, {'id': 'lpj', 'name': 'AFG_SIEM'}, {'id': '2du', 'name': 'COA:Block'}, {'id': 'jum', 'name': 'corona'}, {'id': '0wu', 'name': 'corona-wba'}, {'id': 'sp0', 'name': 'coronavirus'}, {'id': 'thq', 'name': 'Coronavirus'}, {'id': 'aio', 'name': 'Coronavirus Threat Landscape Update  Proofpoint US'}, {'id': 'vpi', 'name': 'coronoavirus'}, {'id': 'sfk', 'name': 'covid19'}, {'id': 'r66', 'name': 'Covid19'}, {'id': 'fcl', 'name': 'covid-19'}, {'id': 'zjg', 'name': 'COVID-19'}, {'id': 'swm', 'name': 'NAB_covid19'}, {'id': 'bbl', 'name': 'Proofpoint'}, {'id': 'qfr', 'name': 'Threat Insight'}]"
"eautodealerhub.com
",,,,,No Results
krt1.site,96,mal_domain,firstenergycorp.com,2020-03-30T20:23:33.505Z,active,"[{'id': '0ia', 'name': '2020-03-18 Deobfuscation of MalDoc script â€“ Possibly Predator the Thief'}, {'id': '2fp', 'name': '2020-03-30 - Invoice-themed malspam pushes Kpot info stealer'}, {'id': 'glv', 'name': '#kpot'}, {'id': 'xzq', 'name': '#opendir'}, {'id': '2se', 'name': '@GlaCiuS_'}, {'id': 'zdc', 'name': 'AFG_FW'}, {'id': 'v8a', 'name': 'AFG_SIEM'}, {'id': 'vlk', 'name': 'COA:Block'}, {'id': '0f3', 'name': 'corona'}, {'id': '4w7', 'name': 'corona-wba'}, {'id': 'zw6', 'name': 'coronavirus'}, {'id': 'cjg', 'name': 'Coronavirus'}, {'id': 'gth', 'name': 'coronavirus-themed'}, {'id': 'kqw', 'name': 'coronoavirus'}, {'id': 'pds', 'name': 'covid19'}, {'id': 'dvm', 'name': 'Covid19'}, {'id': 'xix', 'name': 'covid-19'}, {'id': 'utd', 'name': 'COVID-19'}, {'id': 'a7t', 'name': 'deobfuscating code'}, {'id': 'olr', 'name': 'deobfuscating-code'}, {'id': 'reh', 'name': 'GlaCiuS on Twitter: #opendir #kpot 2.2 version found here :  hxxp://krt1.site/uhGaUGnzIIOPpoP9/login.php  Bonus for you. zip containing panel configuration of #kpot available here : hxxp://krt1.site/  @anyrun_app event here : https://t.co/cFTw6818W9  @malwrhunterteam @JAMESWT_MHT @James_inthe_boxâ€¦ https://t.co/DyetUzOnAK'}, {'id': 'knb', 'name': 'hacking'}, {'id': 'i6f', 'name': 'https://twitter.com/GlaCiuS_/status/1237117656278487041'}, {'id': 'dyj', 'name': 'https://www.malware-traffic-analysis.net/2020/03/30/index.html'}, {'id': 'ztp', 'name': 'internet'}, {'id': 'qba', 'name': 'isc'}, {'id': 'h5m', 'name': 'ISC SANS'}, {'id': 'ort', 'name': 'Lost In Security'}, {'id': '6zx', 'name': 'Malware Traffic Analysis'}, {'id': 'pnh', 'name': 'malware-traffic-analysis.net'}, {'id': '08b', 'name': 'More COVID-19 Themed Malware (Sun Mar 22nd)'}, {'id': 'xlm', 'name': 'NAB_covid19'}, {'id': '9u8', 'name': 'phishing'}, {'id': '55e', 'name': 'potential tragedy-themed malicious content'}, {'id': 'xl3', 'name': 'predator the thief'}, {'id': '0of', 'name': 'predator-the-thief'}, {'id': 'p5t', 'name': 'sans'}, {'id': '34p', 'name': 'security'}, {'id': 'iyv', 'name': 'threat'}, {'id': 'vte', 'name': 'virus'}, {'id': '9k6', 'name': 'vulnerability'}, {'id': '326', 'name': 'worm'}]"
krt1.site,90,c2_domain,CrowdStrike Intelligence E-Crime,2020-03-16T22:36:00.130Z,active,"[{'id': 'w50', 'name': 'kill-chain:c2'}, {'id': 'jrh', 'name': 'malware-family:kpot-stealer'}, {'id': '111', 'name': 'source-confidence:high'}, {'id': 'k68', 'name': 'threat-type:criminal'}, {'id': 'qa2', 'name': 'threat-type:downloader'}, {'id': 'qgp', 'name': 'threat-type:information-stealer'}]"
krt1.site,96,mal_domain,firstenergycorp.com,2020-03-30T20:23:33.505Z,active,"[{'id': '0ia', 'name': '2020-03-18 Deobfuscation of MalDoc script â€“ Possibly Predator the Thief'}, {'id': '2fp', 'name': '2020-03-30 - Invoice-themed malspam pushes Kpot info stealer'}, {'id': 'glv', 'name': '#kpot'}, {'id': 'xzq', 'name': '#opendir'}, {'id': '2se', 'name': '@GlaCiuS_'}, {'id': 'zdc', 'name': 'AFG_FW'}, {'id': 'v8a', 'name': 'AFG_SIEM'}, {'id': 'vlk', 'name': 'COA:Block'}, {'id': '0f3', 'name': 'corona'}, {'id': '4w7', 'name': 'corona-wba'}, {'id': 'zw6', 'name': 'coronavirus'}, {'id': 'cjg', 'name': 'Coronavirus'}, {'id': 'gth', 'name': 'coronavirus-themed'}, {'id': 'kqw', 'name': 'coronoavirus'}, {'id': 'pds', 'name': 'covid19'}, {'id': 'dvm', 'name': 'Covid19'}, {'id': 'xix', 'name': 'covid-19'}, {'id': 'utd', 'name': 'COVID-19'}, {'id': 'a7t', 'name': 'deobfuscating code'}, {'id': 'olr', 'name': 'deobfuscating-code'}, {'id': 'reh', 'name': 'GlaCiuS on Twitter: #opendir #kpot 2.2 version found here :  hxxp://krt1.site/uhGaUGnzIIOPpoP9/login.php  Bonus for you. zip containing panel configuration of #kpot available here : hxxp://krt1.site/  @anyrun_app event here : https://t.co/cFTw6818W9  @malwrhunterteam @JAMESWT_MHT @James_inthe_boxâ€¦ https://t.co/DyetUzOnAK'}, {'id': 'knb', 'name': 'hacking'}, {'id': 'i6f', 'name': 'https://twitter.com/GlaCiuS_/status/1237117656278487041'}, {'id': 'dyj', 'name': 'https://www.malware-traffic-analysis.net/2020/03/30/index.html'}, {'id': 'ztp', 'name': 'internet'}, {'id': 'qba', 'name': 'isc'}, {'id': 'h5m', 'name': 'ISC SANS'}, {'id': 'ort', 'name': 'Lost In Security'}, {'id': '6zx', 'name': 'Malware Traffic Analysis'}, {'id': 'pnh', 'name': 'malware-traffic-analysis.net'}, {'id': '08b', 'name': 'More COVID-19 Themed Malware (Sun Mar 22nd)'}, {'id': 'xlm', 'name': 'NAB_covid19'}, {'id': '9u8', 'name': 'phishing'}, {'id': '55e', 'name': 'potential tragedy-themed malicious content'}, {'id': 'xl3', 'name': 'predator the thief'}, {'id': '0of', 'name': 'predator-the-thief'}, {'id': 'p5t', 'name': 'sans'}, {'id': '34p', 'name': 'security'}, {'id': 'iyv', 'name': 'threat'}, {'id': 'vte', 'name': 'virus'}, {'id': '9k6', 'name': 'vulnerability'}, {'id': '326', 'name': 'worm'}]"
krt1.site,90,c2_domain,CrowdStrike Intelligence E-Crime,2020-03-16T22:36:00.130Z,active,"[{'id': 'w50', 'name': 'kill-chain:c2'}, {'id': 'jrh', 'name': 'malware-family:kpot-stealer'}, {'id': '111', 'name': 'source-confidence:high'}, {'id': 'k68', 'name': 'threat-type:criminal'}, {'id': 'qa2', 'name': 'threat-type:downloader'}, {'id': 'qgp', 'name': 'threat-type:information-stealer'}]"
"malkommal.ams3.digitaloceanspaces.com
",,,,,No Results
motivation.neighboring.site,87,c2_domain,Analyst,2020-03-26T13:47:51.712Z,active,"[{'id': 'a28', 'name': 'AFG_FW'}, {'id': 'orw', 'name': 'AFG_SIEM'}, {'id': 'xyx', 'name': 'AS135373'}, {'id': 'qwa', 'name': 'ASN-Name:-EFLY-NETWORK-LIMITED'}, {'id': 's23', 'name': 'C2'}, {'id': 'fta', 'name': 'C2-IP:-69.172.75.223'}, {'id': 'tle', 'name': 'C&C'}, {'id': 'kmg', 'name': 'COA:Block'}, {'id': 'eb6', 'name': 'corona'}, {'id': 'qlz', 'name': 'corona-wba'}, {'id': 'cob', 'name': 'Coronavirus'}, {'id': 'ouk', 'name': 'coronavirus'}, {'id': 'k5o', 'name': 'coronavirus-themed'}, {'id': 's9v', 'name': 'coronoavirus'}, {'id': 'doi', 'name': 'covid19'}, {'id': 'axv', 'name': 'Covid19'}, {'id': '1vg', 'name': 'COVID-19'}, {'id': 'vj8', 'name': 'covid-19'}, {'id': 'pn5', 'name': 'GeoIP:-Hong-Kong'}, {'id': '79j', 'name': 'NAB_covid19'}, {'id': 'ogc', 'name': 'Netblock:-69.172.74.0/23'}, {'id': 'vsp', 'name': 'potential tragedy-themed malicious content'}, {'id': '7jn', 'name': 'Reference:-https://app.any.run/tasks/cb891be1-c2d8-41ba-af44-f973d6047e89/'}, {'id': 'b5v', 'name': 'Reference:-https://marcoramilli.com/2020/03/19/is-apt27-abusing-covid-19-to-attack-people/'}, {'id': 'w9d', 'name': 'TA0011-Command-and-Control'}]"
motivation.neighboring.site,100,mal_domain,ThreatStream,2020-03-16T20:23:07.773Z,active,"[{'id': 'fkd', 'name': '21a51a834372ab11fba72fb865d6830e'}, {'id': '5pg', 'name': 'C2 for corona themed LNK file'}, {'id': 'qpf', 'name': 'Possible APT higaisa'}]"
"nepalcoronavirus2.000webhostapp.com
",,,,,No Results
"s1.eautodealerhub.com
",,,,,No Results
show1.website,95,mal_domain,firstenergycorp.com,2020-03-23T20:10:25.690Z,active,"[{'id': '1yv', 'name': '#malware'}, {'id': 'czd', 'name': '#predatorthethief'}, {'id': 'l2p', 'name': '@HerbieZimmerman'}, {'id': 'd7j', 'name': '@ScumBots'}, {'id': 'uz8', 'name': 'hacking'}, {'id': 'jlf', 'name': 'Herbie Zimmerman on Twitter: I am going out on a limb here and going to say that this looks like #PredatortheThief malware based on how the decoded script looks and operates. https://t.co/pALHsi4zGc'}, {'id': 'r27', 'name': 'https://twitter.com/HerbieZimmerman/status/1241049185706803202'}, {'id': 'veu', 'name': 'https://twitter.com/ScumBots/status/1241051960658321408'}, {'id': 'b00', 'name': 'internet'}, {'id': '162', 'name': 'isc'}, {'id': 'bk2', 'name': 'ISC SANS'}, {'id': 'tha', 'name': 'KPOT Deployed via AutoIt Script (Mon Mar 23rd)'}, {'id': 'bkq', 'name': 'phishing'}, {'id': '5fg', 'name': 'sans'}, {'id': '1g9', 'name': 'ScumBots on Twitter: PowerShell_Empire_Agent found at https://t.co/rXQD7zdCd1 SHA256: 67f87a95076fab2a63dbdc8c7c60bf4aa6ebc9f32ea984c8ac4be7f2722a0fb3 C2: http://show1.website/iPYOy.dat -Destination $env:TEMP/r17mi.com.$env:TEMP/jkezt.$env:TEMP/iPYOy.com; Set-Location -Path $'}, {'id': 'kqs', 'name': 'security'}, {'id': 'xmt', 'name': 'threat'}, {'id': 'w2v', 'name': 'virus'}, {'id': 'hls', 'name': 'vulnerability'}, {'id': '6o3', 'name': 'worm'}]"
show1.website,75,mal_domain,Cofense Intelligence,2020-03-23T19:54:15.143Z,active,"[{'id': 'gqu', 'name': 'id=37272'}, {'id': 'b7f', 'name': 'impact=Moderate'}, {'id': 'ugx', 'name': 'role=Location_from_which_a_payload_is_obtained'}]"
show1.website,95,mal_domain,firstenergycorp.com,2020-03-23T20:10:25.690Z,active,"[{'id': '1yv', 'name': '#malware'}, {'id': 'czd', 'name': '#predatorthethief'}, {'id': 'l2p', 'name': '@HerbieZimmerman'}, {'id': 'd7j', 'name': '@ScumBots'}, {'id': 'uz8', 'name': 'hacking'}, {'id': 'jlf', 'name': 'Herbie Zimmerman on Twitter: I am going out on a limb here and going to say that this looks like #PredatortheThief malware based on how the decoded script looks and operates. https://t.co/pALHsi4zGc'}, {'id': 'r27', 'name': 'https://twitter.com/HerbieZimmerman/status/1241049185706803202'}, {'id': 'veu', 'name': 'https://twitter.com/ScumBots/status/1241051960658321408'}, {'id': 'b00', 'name': 'internet'}, {'id': '162', 'name': 'isc'}, {'id': 'bk2', 'name': 'ISC SANS'}, {'id': 'tha', 'name': 'KPOT Deployed via AutoIt Script (Mon Mar 23rd)'}, {'id': 'bkq', 'name': 'phishing'}, {'id': '5fg', 'name': 'sans'}, {'id': '1g9', 'name': 'ScumBots on Twitter: PowerShell_Empire_Agent found at https://t.co/rXQD7zdCd1 SHA256: 67f87a95076fab2a63dbdc8c7c60bf4aa6ebc9f32ea984c8ac4be7f2722a0fb3 C2: http://show1.website/iPYOy.dat -Destination $env:TEMP/r17mi.com.$env:TEMP/jkezt.$env:TEMP/iPYOy.com; Set-Location -Path $'}, {'id': 'kqs', 'name': 'security'}, {'id': 'xmt', 'name': 'threat'}, {'id': 'w2v', 'name': 'virus'}, {'id': 'hls', 'name': 'vulnerability'}, {'id': '6o3', 'name': 'worm'}]"
show1.website,75,mal_domain,Cofense Intelligence,2020-03-23T19:54:15.143Z,active,"[{'id': 'gqu', 'name': 'id=37272'}, {'id': 'b7f', 'name': 'impact=Moderate'}, {'id': 'ugx', 'name': 'role=Location_from_which_a_payload_is_obtained'}]"
"www.brightparcel.com
",,,,,No Results
www.coronavirusdata.org,55,mal_domain,Analyst,2020-03-24T19:17:58.636Z,active,"[{'id': 'p48', 'name': 'AFG_FW'}, {'id': 'bfs', 'name': 'AFG_SIEM'}, {'id': 'qdp', 'name': 'COA:Block'}, {'id': 'fso', 'name': 'corona'}, {'id': 'rf0', 'name': 'corona-wba'}, {'id': 'kpy', 'name': 'coronavirus'}, {'id': 'pvj', 'name': 'Coronavirus'}, {'id': '26s', 'name': 'coronavirus-themed'}, {'id': '2bl', 'name': 'coronoavirus'}, {'id': 'ur4', 'name': 'covid19'}, {'id': 'um0', 'name': 'Covid19'}, {'id': '3ga', 'name': 'covid-19'}, {'id': 'm1w', 'name': 'COVID-19'}, {'id': '94w', 'name': 'NAB_covid19'}, {'id': 'udw', 'name': 'potential tragedy-themed malicious content'}]"
www.coronavirusdata.org,84,mal_domain,firstenergycorp.com,2020-03-14T12:57:16.274Z,active,
www.coronavirusreport.buzz,78,mal_domain,Analyst,2020-03-24T19:32:42.630Z,active,"[{'id': 'z28', 'name': 'AFG_FW'}, {'id': 'pcz', 'name': 'AFG_SIEM'}, {'id': '9nv', 'name': 'COA:Block'}, {'id': 'zpz', 'name': 'corona'}, {'id': 'd8s', 'name': 'corona-wba'}, {'id': '6i4', 'name': 'coronavirus'}, {'id': 'sii', 'name': 'Coronavirus'}, {'id': 'gv7', 'name': 'coronavirus-themed'}, {'id': 'jt4', 'name': 'coronoavirus'}, {'id': '48r', 'name': 'covid19'}, {'id': 'orn', 'name': 'Covid19'}, {'id': '3ym', 'name': 'covid-19'}, {'id': '1wa', 'name': 'COVID-19'}, {'id': 'n1k', 'name': 'NAB_covid19'}, {'id': 'hnb', 'name': 'potential tragedy-themed malicious content'}]"
www.coronavirusreport.buzz,78,mal_domain,firstenergycorp.com,2020-03-14T12:57:16.274Z,active,
www.coronawatch.eu,72,mal_domain,Analyst,2020-03-19T15:13:51.300Z,active,
www.coronawatch.eu,71,mal_domain,firstenergycorp.com,2020-03-14T12:57:16.274Z,active,
"www.coverbits.com
",,,,,No Results
"www.endcoronavirus.org
",,,,,No Results
www.mynutritionalnews.com,73,mal_domain,firstenergycorp.com,2020-03-24T19:05:50.694Z,active,"[{'id': 'se1', 'name': 'affiliate spam'}, {'id': 's0s', 'name': 'affiliatespam'}, {'id': 'h6z', 'name': 'Affiliaxe'}, {'id': 'lzd', 'name': 'AFG_FW'}, {'id': 'hc4', 'name': 'AFG_SIEM'}, {'id': '509', 'name': 'CAUCE Spamfighters Rally Against Corona Health Fraud Affiliate programs'}, {'id': 'r74', 'name': 'COA:Block'}, {'id': 'cgv', 'name': 'corona'}, {'id': 'nrd', 'name': 'corona-wba'}, {'id': 'fqx', 'name': 'CoronaVirus'}, {'id': '78v', 'name': 'coronavirus'}, {'id': 'hii', 'name': 'Coronavirus'}, {'id': 'rum', 'name': 'coronoavirus'}, {'id': 'gbg', 'name': 'covid19'}, {'id': 'qjp', 'name': 'Covid19'}, {'id': 'abi', 'name': 'COVID-19'}, {'id': 'g3d', 'name': 'covid-19'}, {'id': 'ypo', 'name': 'CyberCrime & Doing Time'}, {'id': 'ca0', 'name': 'FTC'}, {'id': 'c76', 'name': 'Immunity Blend'}, {'id': 'n3p', 'name': 'ImmunityBlend'}, {'id': 'kje', 'name': 'NAB_covid19'}, {'id': 'vou', 'name': 'Spammers'}]"
www.pandemicsurvival.bid,93,mal_domain,firstenergycorp.com,2020-03-26T13:48:18.688Z,active,"[{'id': '7mh', 'name': 'AFG_FW'}, {'id': 'td3', 'name': 'AFG_SIEM'}, {'id': 'x5x', 'name': 'COA:Block'}, {'id': '8l1', 'name': 'corona'}, {'id': '49d', 'name': 'corona-wba'}, {'id': 'h0g', 'name': 'coronavirus'}, {'id': '6qk', 'name': 'Coronavirus'}, {'id': 'd4q', 'name': 'Coronavirus Threat Landscape Update  Proofpoint US'}, {'id': 'bhs', 'name': 'coronoavirus'}, {'id': 'xtj', 'name': 'covid19'}, {'id': 'rou', 'name': 'Covid19'}, {'id': 'cmp', 'name': 'covid-19'}, {'id': '86v', 'name': 'COVID-19'}, {'id': 'vgt', 'name': 'NAB_covid19'}, {'id': 'ekh', 'name': 'Proofpoint'}, {'id': 'ur8', 'name': 'Threat Insight'}]"
www.thecoronaviruslive.info,75,mal_domain,Analyst,2020-03-24T19:18:01.963Z,active,"[{'id': 'xhp', 'name': 'AFG_FW'}, {'id': 'sbh', 'name': 'AFG_SIEM'}, {'id': '9th', 'name': 'COA:Block'}, {'id': '2yn', 'name': 'corona'}, {'id': '9qj', 'name': 'corona-wba'}, {'id': 'ukt', 'name': 'coronavirus'}, {'id': 'j9v', 'name': 'Coronavirus'}, {'id': 'gnl', 'name': 'coronavirus-themed'}, {'id': 'f4m', 'name': 'coronoavirus'}, {'id': 'e2c', 'name': 'covid19'}, {'id': 'cdr', 'name': 'Covid19'}, {'id': 'dz6', 'name': 'covid-19'}, {'id': 'wka', 'name': 'COVID-19'}, {'id': 'ouu', 'name': 'NAB_covid19'}, {'id': '105', 'name': 'potential tragedy-themed malicious content'}]"
www.thecoronaviruslive.info,66,mal_domain,firstenergycorp.com,2020-03-14T12:57:16.274Z,active,
www.trackcorona.live,95,mal_domain,firstenergycorp.com,2020-03-20T17:10:46.676Z,falsepos,
www.trackcorona.live,95,mal_domain,Analyst,2020-03-20T17:10:46.676Z,falsepos,
"xetoancau.vn
",,,,,No Results
